username,title,upvotes,downvotes,score,num_comments,created_utc
AutoModerator,[D] Self-Promotion Thread,14,0,14,22,2025-05-02 09:15:30
AutoModerator,[D] Monthly Who's Hiring and Who wants to be Hired?,9,0,9,5,2025-05-01 09:30:34
AgeOfEmpires4AOE4,AI Learns to Play Crash Bandicoot [R] (Deep Reinforcement Learning),4,0,4,0,2025-05-04 18:55:37
hiskuu,[R] Meta: PerceptionLM: Open-Access Data and Models for Detailed Visual Understanding,12,0,12,2,2025-05-04 12:15:14
xemantic,[Discussion] Qwen3 - is it ready for driving AI agents?,4,0,4,0,2025-05-04 15:59:48
PlayfulTemperature1,[D] Good overview of distillation approaches from LLMs?,6,0,6,1,2025-05-04 12:32:30
Top-Influence-5529,[D] Unstable training curves for transformers?,0,0,0,1,2025-05-04 21:21:04
Ok-Sir-8964,"[P] Muyan-TTS: We built an open-source, low-latency, highly customizable TTS model for developers",34,0,34,9,2025-05-03 22:18:44
mrloki_reddit,[D] How to check how many users my web app can handle?,0,0,0,0,2025-05-04 21:08:44
SillyNeuron,[Discussion] Conditional Time Series GAN Training Stalls - Generator & Discriminator Not Improving,0,0,0,4,2025-05-04 15:10:43
Martynoas,[D] Why do image generation models struggle with rendering coherent and legible text?,32,0,32,20,2025-05-03 19:50:23
LatentBotNet,[Discussion] Learning Dynamics in Standard MuJoCo Environments,3,0,3,0,2025-05-04 05:57:56
boson_rb,[P] Looking for a project partner to join a bold experiment ‚Äî Python (Django/DRF) + AI/ML,0,0,0,10,2025-05-04 19:38:09
Fuzzy_Cream_5073,[D] Need Advice on Efficiently Handling and Training Large Speech Detection Dataset (150 GB WAV Files),9,0,9,13,2025-05-03 19:58:13
Classic_Eggplant8827,[R] Leaderboard Hacking,79,0,79,10,2025-05-03 03:00:23
ThrowRA_txgirl,"[Project] logic review for feedback-driven classifier adaptation system (non-generative, patent prep stage)",0,0,0,0,2025-05-04 03:26:07
AGenocidalPacifist,[D] Papers/ tips for creating an activation-atlas like this google/open-ai one?,6,0,6,2,2025-05-03 06:19:05
firstironbombjumper,"[D] Don't remember the name of ML paper about how research done, maybe you know it?",35,0,35,6,2025-05-02 20:34:17
CyberEng,[P] - Deep reinforcement Learning with Unreal Engine,14,0,14,4,2025-05-02 21:10:46
lapurita,[D] Submitting applied ML papers to NeurIPS,9,0,9,3,2025-05-02 21:55:26
Classic_Eggplant8827,[R] Meta releases synthetic data kit!!,85,0,85,4,2025-05-02 05:29:58
Classic_Eggplant8827,[R] Reinforcement Learning for Reasoning in Large Language Models with One Training Example,28,0,28,4,2025-05-02 11:14:22
StayingUp4AFeeling,[D] Are weight offloading / weight streaming approaches like in Deepseek Zero used frequently in practice? (For enabling inference on disproportionately undersized GPUs),8,0,8,3,2025-05-02 12:26:02
RADICCHI0,Current data controls against a synthetic flood [D],0,0,0,2,2025-05-02 20:10:32
one-wandering-mind,[D] The leaderboard illusion paper is misleading and there are a lot of bad takes because of it,0,0,0,5,2025-05-03 06:39:18
darkknight-6,[D]  ICML 2025 Results Will Be Out Today!,73,0,73,139,2025-05-01 19:03:55
vesudeva,SEFA: A Self-Calibrating Framework for Detecting Structure in Complex Data [Code Included] [R],14,0,14,10,2025-05-01 20:38:30
KnowledgeableBench,[P] Looking for ModaNet dataset,3,0,3,0,2025-05-02 04:26:04
AutoModerator,[D] Simple Questions Thread,4,0,4,2,2025-05-01 22:00:47
BrebTheDuck,[D] Best Free AI Tools of 2025,0,0,0,0,2025-05-02 15:50:25
we_are_mammals,[R] The Leaderboard Illusion,44,0,44,1,2025-05-01 06:21:57
Technical-Matter6376,[D] Eyebrow Simulation using AR and Facial Recognition,4,0,4,1,2025-05-01 06:41:40
PurpleCardiologist11,How to handle imbalanced output scales in PINN/PI-DeepONet loss function? [R],7,0,7,1,2025-05-01 02:10:29
DescriptionClassic47,Learnable matrices in sequence without nonlinearity - reasons? [R],22,0,22,30,2025-04-30 18:03:33
mehmetflix_,[D] WGAN-GP loss stuck and not converging.,0,0,0,8,2025-05-01 05:11:54
CogniLord,[D] Consistently Low Accuracy Despite Preprocessing ‚Äî What Am I Missing?,4,0,4,27,2025-04-30 20:11:01
EDEN1998,Incoming ICML results [D],47,0,47,117,2025-04-30 06:20:37
Internal_Assist4004,Whisper Translation Finetuning [P],1,0,1,6,2025-04-30 21:31:38
Flimisi69,[P] Fire detection drone,0,0,0,3,2025-04-30 17:23:55
Training-Adeptness57,[R] CVPR 2025: email says no authors registered despite my registration,0,0,0,2,2025-04-30 17:06:30
skeltzyboiii,[R] Bringing Emotions to Recommender Systems: A Deep Dive into Empathetic Conversational Recommendation,14,0,14,2,2025-04-30 00:35:49
Top-Leave-7564,"[D] Divergence in a NN, Reinforcement Learning",5,0,5,2,2025-04-30 05:32:16
Severe_Conclusion796,Suggestions on stockout & aging inventory probability prediction [D],2,0,2,2,2025-04-30 08:49:53
AlphaCalamity,[Discussion]I trained a 7B LLM with only 8GB of VRAM using symbolic compression MemoryCore benchmark results,0,0,0,39,2025-04-30 21:56:21
munibkhanali,[D] Is My Model Actually Learning?‚Äù How did you learn to tell when training is helping vs. hurting?,13,0,13,12,2025-04-29 22:46:45
coolwulf,[P] I Used My Medical Note AI to Digitize Handwritten Chess Scoresheets,4,0,4,4,2025-04-30 01:31:27
AutomaticAgent2756,"üîç Contribute to research on Fairness, Accountability, and Transparency in Generative AI! [R]",1,0,1,0,2025-04-30 05:19:44
Awkoku,[P] hacking on graph-grounded retrieval for SEC filings + an AI ‚Äúlegal pen-tester‚Äù‚Äîlooking for feedback & maybe collaborators,10,0,10,7,2025-04-29 12:15:20
Cptcongcong,[D] Model complexity vs readability in safety critical systems?,0,0,0,4,2025-04-30 00:23:15
DifficultStand6971,[P] Training F5 TTS Model in Kannada and Voice Cloning ‚Äì DM Me!,10,0,10,4,2025-04-29 11:00:33
Ok-Sir-8964,[D] How do you think the recent trend of multimodal LLMs will impact audio-based applications?,23,0,23,8,2025-04-29 01:08:58
steuhh,[D] How could a MLP replicate the operations of an attention head?,30,0,30,14,2025-04-28 21:42:10
witsyke,[D] IJCAI 2025 Paper Result & Discussion,37,0,37,116,2025-04-28 19:06:30
Bubbly-Act-2424,"Non Smooth ROC Curve[R], [N], [P],",0,0,0,1,2025-04-29 19:06:27
AION_labs,[R] The Degradation of Ethics in LLMs to near zero - Example GPT,36,0,36,19,2025-04-28 13:37:00
NorthAfternoon4930,[P] Autonomous Driving project - F1 will never be the same!,20,0,20,7,2025-04-28 16:41:23
ml_nerdd,[D] How do you evaluate your RAGs?,0,0,0,17,2025-04-29 01:15:19
jsonathan,[P] I made a bug-finding agent that knows your codebase,126,0,126,24,2025-04-27 21:58:48
CameronSanderson,"[Discussion] Ideas for how to train AI to behave how we want an AI to behave, rather than how we want humans to behave.",0,0,0,4,2025-04-29 11:50:08
Ok_Soup705,[R] Looking for TensorFlow C++ 2.18.0 Prebuilt Libraries for macOS (M2 Chip),1,0,1,0,2025-04-28 23:08:13
baradas,[P] plan-lint - Open source project to verify plans generated by LLMs,4,0,4,1,2025-04-28 14:11:30
kelby99,[D] ML approaches for structured data modeling with interaction and interpretability?,1,0,1,5,2025-04-28 22:02:24
Head_Mushroom_3748,[P] Looking for advice: Best AI approach to automatically predict task dependencies and optimize industrial project schedules?,0,0,0,4,2025-04-28 16:55:21
Ambitious_Anybody855,"[P] There is a hunt for reasoning datasets beyond math, science and coding. Much needed initiative",1,0,1,1,2025-04-28 11:53:26
predict_addict,[R] Work in Progress: Advanced Conformal Prediction ‚Äì Practical Machine Learning with Distribution-Free Guarantees,1,0,1,0,2025-04-28 15:18:20
Ambitious_Anybody855,[P] Top open chart-understanding model upto 8B and performs on par with much larger models. Try it,2,0,2,2,2025-04-28 09:19:45
saws_baws_228,"[P] Benchmarking Volga‚Äôs On-Demand Compute Layer for Feature Serving: Latency, RPS, and Scalability on EKS",1,0,1,0,2025-04-28 12:34:59
justLars7D1,[R] Algorithm Discovery With LLMs: Evolutionary Search Meets Reinforcement Learning,11,0,11,0,2025-04-27 21:26:20
loyoan,[D] A reactive computation library for Python that might be helpful for data science workflows - thoughts from experts?,1,0,1,4,2025-04-28 04:49:22
timminator3,[P] VideOCR - Extract hardcoded subtitles out of videos via a simple to use GUI,4,0,4,0,2025-04-28 02:29:16
vladefined,[R] 62.3% Validation Accuracy on Sequential CIFAR-10 (3072 length) With Custom RNN Architecture ‚Äì Is it Worth Attention?,16,0,16,34,2025-04-27 17:38:41
sidyooo,[P]Test KavachAI: Ethical Guardrails for Your ML Models,6,0,6,0,2025-04-27 21:25:29
degel12345,[D] Open source CCR for Image to LaTeX conversion,2,0,2,3,2025-04-28 01:49:54
Healthy_Fisherman_88,"[D] Preparing for a DeepMind Gemini Team Interview ‚Äî Any Resources, Tips, or Experience to Share?",220,0,220,39,2025-04-26 23:29:02
shubhlya,[P] Tips for hackathon,0,0,0,3,2025-04-28 02:59:54
[deleted],[P] Unlimited Context Memory for any LLM. Free Software & Source Code.,0,0,0,0,2025-04-28 02:15:10
moschles,[D] Is any lab working on ALMs? Action Language Models?,0,0,0,4,2025-04-28 03:02:47
Various_Classroom254,[P] Does Anyone Need Fine-Grained Access Control for LLMs?,0,0,0,3,2025-04-28 00:00:11
abdosalm,"Intel Neural Compute Stick 2, Opinion? [D]",0,0,0,6,2025-04-27 23:07:47
VVY_,[D] Intuition behind Load-Balancing Loss in the paper OUTRAGEOUSLY LARGE NEURAL NETWORKS: THE SPARSELY-GATED MIXTURE-OF-EXPERTS LAYER,14,0,14,14,2025-04-26 23:22:20
Foreign_Sympathy2863,[R] Seeking arXiv Endorsement,0,0,0,2,2025-04-27 23:10:19
Bart0wnz,[D] [P] Research Paper and Presentation about Multi-Agent Reinforcement Learning,3,0,3,1,2025-04-27 02:40:14
musescore1983,[R] Symbolic Music Generation from a Single MIDI File,14,0,14,4,2025-04-26 13:38:38
choHZ,"[R][P] We compress any BF16 model to ~70% size during inference, while keeping the output LOSSLESS so that you can fit in more context or run larger models.",196,0,196,27,2025-04-25 22:55:34
ifthenelse007,[D]Notes and Chord representations for music generation,4,0,4,4,2025-04-26 21:25:31
South-Conference-395,[D] discussion period in the EMNLP 2025 call,1,0,1,5,2025-04-27 00:48:03
StartledWatermelon,[R] Paper2Code: Automating Code Generation from Scientific Papers in Machine Learning,96,0,96,8,2025-04-25 23:43:05
who_is_erik,[D] Any toolkit for Local Fine-Tuning of Open-Source LLMs?,1,0,1,8,2025-04-26 20:28:41
skeltzyboiii,[R] Cross-Encoder Rediscovers a Semantic Variant of BM25,78,0,78,2,2025-04-25 22:44:18
Competitive_Cut_9133,[D] Does demand exist for climate modelling work?,6,0,6,8,2025-04-26 12:11:41
Fun-Development-9281,[P] Feedback on Bojai ‚Äì open-source ML framework,5,0,5,4,2025-04-26 12:02:33
noob_simp_phd,[D] LLM coding interview prep tips,40,0,40,15,2025-04-25 23:54:32
kritnu,[D] how do you curate domain specific data for training?,5,0,5,7,2025-04-26 11:43:06
phicreative1997,[P] Deep Analysis - The data science analogue to Perplexity's deep analysis. Design & walkthrough.,0,0,0,0,2025-04-26 18:47:09
samim23,"[P] We built a cult that generates ritual music with AI, for AI",0,0,0,6,2025-04-26 22:50:10
BerkStudentRes,[P] How to collect robotic simulation data on Macs?,1,0,1,0,2025-04-26 09:52:27
Glittering_Tiger8996,[D] [P] Repeat Call Prediction for Telecom,3,0,3,6,2025-04-26 00:58:40
ocm7896,[D] ICCV desk rejecting papers because co-authors did not submit their reviews,76,0,76,75,2025-04-25 00:30:22
CryLucky4944,[D] Anyone else using Tensordock cloud GPU and now feeling frustrated?,3,0,3,2,2025-04-25 12:04:46
fit-captain-6,[D] What are the best subreddits you follow for AI/ML/LLMs/NLP/Agentic AI etc?,96,0,96,32,2025-04-24 16:09:22
bminixhofer,[R][P] Byte-level LLaMA and Gemma via cross-tokenizer distillation (with open-source toolkit),31,0,31,2,2025-04-24 17:34:11
ThickDoctor007,[D]Designing a vector dataset for hierarchical semantic search,6,0,6,3,2025-04-25 00:11:58
juanviera23,[Discussion] Is the future of coding agents self-learning LLMs using KGs to shape their reward functions?,7,0,7,7,2025-04-24 19:44:41
Codename_17,[P] Goolge A2A protocol with Langgraph,6,0,6,2,2025-04-24 20:20:21
jsonathan,[R] From Local to Global: A GraphRAG Approach to Query-Focused Summarization,0,0,0,0,2025-04-25 11:39:20
musescore1983,[D] A Bourgain-Embedding approach for abstract-board games?,11,0,11,2,2025-04-24 16:43:26
Existing-Ability-774,[R] presenting in ICLR? Tell me where to meet you and what‚Äôs your work,0,0,0,2,2025-04-25 09:14:45
LouisAckerman,[Discussion] Contnual learning for Retrieval augmented generation?,0,0,0,4,2025-04-24 23:23:24
OogaBoogha,"[D] Spotify 100,000 Podcasts Dataset availability",104,0,104,7,2025-04-23 20:59:17
jsonathan,[R] Pushing the Limits of Large Language Model Quantization via the Linearity Theorem,10,0,10,0,2025-04-24 08:57:37
pmv143,[D]Could snapshot-based model switching make vLLM more multi-model friendly?,0,0,0,8,2025-04-25 05:06:12
ReinforcedKnowledge,[D] Is my take on transformers in time series reasonable / where is it wrong?,36,0,36,25,2025-04-23 23:37:52
javonet1,"[R] We've implemented Python‚Äôs ChatterBot inside Java for lightweight, local NLP Integration",0,0,0,0,2025-04-24 19:26:28
Psychological-Cut306,Help with mentorship [d],2,0,2,15,2025-04-24 10:20:33
Sea_Farmer5942,[D] Most widely used open-source decoder-only transformer?,2,0,2,2,2025-04-24 10:03:39
Distinct-Gas-1049,[P] I built a self-hosted version of DataBricks for research,34,0,34,5,2025-04-23 17:09:55
Distinct_Cabinet_729,"[D] What are the current applications of AI in automotive and motorsport industries? Any companies, labs or professors actively working at the intersection?",0,0,0,8,2025-04-24 11:01:43
HairyIndianDude,Visual Theory of Mind Enables the Invention of Proto-Writing,19,0,19,3,2025-04-23 14:40:14
Judas503,[P] Clustering time-series data into seasonal and no-seasonal types,2,0,2,0,2025-04-24 01:51:44
False-Bumblebee2016,[D] Use Cases for Video Mapping/Timestamping Software for ML Training?,0,0,0,0,2025-04-24 03:43:04
PlasticFuture1125,Looking for collaboration [R],0,0,0,0,2025-04-24 03:37:44
skeltzyboiii,[R] One Embedding to Rule Them All,116,0,116,13,2025-04-22 23:46:57
pmv143,[D] Is cold start still a pain point in multi-model LLM inference?,0,0,0,2,2025-04-24 01:09:22
zand999,[D] Would multiple NVIDIA Tesla P100's be cost effective for model training?,15,0,15,16,2025-04-23 06:57:32
saws_baws_228,[P] Volga - On-Demand Compute in Real-Time AI/ML - Overview and Architecture,1,0,1,0,2025-04-23 17:08:16
hiskuu,[R] [DeepMind] Welcome to the Era of Experience,67,0,67,54,2025-04-22 13:36:25
Revolutionary-End901,[D] New masters thesis student and need access to cloud GPUs,17,0,17,37,2025-04-22 13:03:39
QuadransMuralis,Properly handling missing values [D],0,0,0,1,2025-04-23 02:57:39
Comb-Greedy,[D] How much more improvment can you squeeze out by fine tuning large language models,31,0,31,9,2025-04-22 07:51:26
Foodiefalyfe,[P] What AI model should I train for this use case?,0,0,0,3,2025-04-23 07:43:34
SolidRemote8316,"[R] Can‚Äôt Train LoRA + Phi-2 on 2x GPUs with FSDP ‚Äî Keep Getting PyArrow ArrowInvalid, DTensor, and Tokenization Errors",0,0,0,5,2025-04-23 05:27:55
Whole_Hat_4852,[D] What are the current research gaps on GNN?,17,0,17,1,2025-04-22 04:17:14
chfjngghkyg,[D] Two basic questions about GNN,1,0,1,9,2025-04-22 12:00:30
Vast-Signature-8138,[D] Combine XGBoost & GNNs - but how?,26,0,26,12,2025-04-21 19:51:09
terminatorash2199,[P] How do I detect cancelled text,0,0,0,18,2025-04-22 16:01:15
SaltNeighborhood3345,"[D] What's the Deal with World Models, Foundation World Models, and All These Confusing Terms? Help!",14,0,14,5,2025-04-21 18:34:27
wahnsinnwanscene,[D] How is SAE / cross layer transcoder trained?,0,0,0,1,2025-04-22 08:02:45
Ok-Archer6818,[P] How to measure similarity between sentences in LLMs,25,0,25,27,2025-04-21 10:53:59
Beyond_Multiverse,[D] Feature Importance in case of multiple seeds,2,0,2,1,2025-04-21 20:41:10
Cold-Traffic-7586,[D] When does IJCNN registration open?,6,0,6,1,2025-04-21 10:54:39
Outrageous-Boot7092,[R] Unifying Flow Matching and Energy-Based Models for Generative Modeling,83,0,83,21,2025-04-20 19:14:57
Vast-Signature-8138,[D] Good literature/resources on GNNs,44,0,44,18,2025-04-20 22:11:33
Ecstatic-Cranberry90,[P] Prompting Alone Couldn‚Äôt Save My GPT-4 Agent,4,0,4,6,2025-04-21 09:28:02
Raise_Fickle,[D] image-to-image models ‚Äì how to use and finetune Flux for preserving face ID?,2,0,2,1,2025-04-21 13:00:39
StartledWatermelon,"[R] It‚Äôs All Connected: A Journey Through Test-Time Memorization, Attentional Bias, Retention, and Online Optimization",27,0,27,0,2025-04-20 20:52:18
menger75,[D] Is this build (Ryzen 9950X + 128GB RAM + RTX 5070 Ti) suitable for hybrid ML?,10,0,10,17,2025-04-20 21:47:14
throwaway16362718383,[P] EyesOff - A privacy focus macOS app which utilises a locally running neural net,8,0,8,0,2025-04-20 21:17:25
1017_frank,[P] F1 Race Prediction Model for the 2025 Saudi Arabian GP ‚Äì Building on My Shanghai & Suzuka Forecasts,19,0,19,4,2025-04-20 14:38:13
Early_Job_998,[D] What are the best tools/utilities/libraries for consistent face generation in AI image workflows (for album covers + artist press shots)?,0,0,0,0,2025-04-21 09:50:26
Mattex0101,[P] I built an Image Search Tool with PyQt5 and MobileNetV2‚ÄîFeedback welcome!,5,0,5,7,2025-04-20 16:50:55
Majormuss,Has anyone successfully set up a real-time AI feedback system using screen sharing or livestreams? [R],0,0,0,3,2025-04-21 10:31:58
Moltres23,[D] The potential of embodied agents to automate cooking,0,0,0,0,2025-04-21 03:22:09
joker_noob,[P] Building and deploying a scalable agent.,0,0,0,0,2025-04-20 23:15:49
EducationalTie9391,[D] Gemini 2.5 Flash Reasoning vs Non reasoning Experiments,5,0,5,4,2025-04-20 14:02:57
vladefined,[R] Biologically-inspired architecture with simple mechanisms shows strong long-range memory (O(n) complexity),47,0,47,18,2025-04-20 01:57:54
n3rd_n3wb,[D] How are you training YOLO?,0,0,0,8,2025-04-21 07:16:44
sandropuppo,[P] I built a Docker Container for Computer-Use AI Agents in Python.,4,0,4,0,2025-04-20 07:31:19
KegOfAppleJuice,[P] How to predict F1 race results?,0,0,0,7,2025-04-20 20:04:42
FactorResponsible609,[D] Any Bulk Image Editor for Image Cleaning?,3,0,3,4,2025-04-20 01:28:27
TonyXavier69,[P] An AI judges a person's character based on video input,0,0,0,2,2025-04-20 20:37:14
Small-Claim-5792,[P] Introducing Nebulla: A Lightweight Text Embedding Model in Rust üåå,18,0,18,3,2025-04-19 12:32:23
shreesrinivasan,[D][Discussion] - Model Context Protocol - Exhaustively Explained,0,0,0,0,2025-04-20 10:51:51
sh_tomer,arXiv moving from Cornell servers to Google Cloud,264,0,264,20,2025-04-18 18:31:56
Academic_Sleep1118,[D] A very nice blog post from Sander Dielman on VAEs and other stuff.,122,0,122,7,2025-04-18 18:57:48
Broad-Cut-3848,"[P] Training an LLM to play the board game Hex, using self-play to improve performance",1,0,1,1,2025-04-19 20:10:06
Window-Outside,[R] Hey there! I made a research proposal for a master programme application and I want some opinion about it. I wanted to develop an emotion embedded AI model that can generate back response to the recipients,0,0,0,4,2025-04-20 04:30:34
maaKaBharosaa,[D] how to counter variable input length during inference in gpt?,0,0,0,3,2025-04-19 20:17:04
celerimo,"[N] We just made scikit-learn, UMAP, and HDBSCAN run on GPUs with zero code changes! üöÄ",425,0,425,29,2025-04-18 04:02:19
[deleted],[D] How can you teach normality to a Large VLM during SFT?,4,0,4,1,2025-04-19 01:20:19
Zephos65,[D] How does the current USA policy changes affect grad school applications?,8,0,8,12,2025-04-18 21:49:14
Ftkd99,[P] How to handle highly imbalanced biological dataset,6,0,6,8,2025-04-18 21:40:15
asdfghjklohhnhn,[P] Gotta love inefficiency!,0,0,0,21,2025-04-19 11:50:50
ThickDoctor007,[D]Seeking Ideas: How to Build a Highly Accurate OCR for Short Alphanumeric Codes?,10,0,10,10,2025-04-18 13:54:14
Franck_Dernoncourt,[D] How can I export an encoder-decoder PyTorch model into a single ONNX file?,0,0,0,2,2025-04-19 04:46:17
_dig-bick_,[R] Need arXiv Endorsement for cs.AI ‚Äì Thesis on LLMs (Beyond GPT),0,0,0,6,2025-04-19 07:12:24
lazylazylazyl,[N] Semantic Memory Layer for LLMs ‚Äì from long-form GPT interaction,0,0,0,3,2025-04-18 16:57:12
dbejar19,[P] Gym retro issues,0,0,0,2,2025-04-18 14:25:27
jsonathan,[D] When will reasoning models hit a wall?,92,0,92,47,2025-04-17 13:16:33
007noob0071,"[D] Difference between ACL main, ACL Findings, and NeurIPS?",26,0,26,9,2025-04-17 18:47:46
Imaginary_Event_850,[D]Need advice regarding sentence embedding,0,0,0,5,2025-04-18 11:03:19
zaynst,Time Series forecasting [P],0,0,0,10,2025-04-18 10:11:25
Over_Profession7864,Memorization vs Reasoning [D],0,0,0,11,2025-04-18 14:35:31
Training-Week6779,[D] A new DINO Training Framework,1,0,1,2,2025-04-18 08:34:03
OkLight9431,"[D] Val loss not drop, in different lr ,loss always around 0.8.",1,0,1,0,2025-04-18 08:06:34
DeadShotGunV1,[D] Pros & Cons of different similarity measures between Key and Query in Attention Mechanisms,12,0,12,3,2025-04-17 18:40:20
LetsTacoooo,[D] Sharing dataset splits: What are the standard practices (if any)?,0,0,0,2,2025-04-18 06:26:14
Gauwal,[R] Algorithm for rotation images in 3D,1,0,1,0,2025-04-18 03:49:54
tanishqkumar07,[R] Beyond-NanoGPT: Go From LLM Noob to AI Researcher!,134,0,134,17,2025-04-16 22:48:55
Sweaty_Importance_83,[D] Question and distractor generation using T5 Evaluation,1,0,1,0,2025-04-18 00:05:26
OkLight9431,"[D] Val loss not drop, in different lr ,loss always around 0.8.",1,0,1,0,2025-04-18 00:01:31
ThickDoctor007,[P]Best models to read codes from small torn paper snippets,7,0,7,6,2025-04-17 12:21:46
TooMuchForMyself,[Discussion] Evaluating multiple feature sets/models‚Äîam I leaking by selecting the best of top 5 on the test set?,1,0,1,0,2025-04-17 20:45:43
Fit_Tone318,[D] Tuning a Multiclass Classifier,2,0,2,4,2025-04-17 16:19:13
Big_Occasion_182,[P] I made 'Talk‚Äëto‚ÄëYour‚ÄëSlides'.,0,0,0,2,2025-04-18 00:43:05
juliensalinas,[D] Google just released a new generation of TPUs. Who actually uses TPUs in production?,141,0,141,56,2025-04-16 15:29:52
DueKitchen3102,[R] Experiment Report: OpenAI GPT 4.1-mini is a really cost-effective model,0,0,0,0,2025-04-17 23:56:33
seraine,[D] Frontier AI Models Still Fail at Basic Physical Tasks: A Manufacturing Case Study,16,0,16,5,2025-04-17 00:35:27
OkTomorrow5582,Assistance needed [D],0,0,0,4,2025-04-17 15:29:18
Stock_Trainer5509,[D] ACL 2025 Meta Reviews Discussion,43,0,43,79,2025-04-16 09:44:30
Alone-Breadfruit-994,[D] Should I Learn AI Models and Deep Learning from Scratch to Build My AI Chatbot?,0,0,0,4,2025-04-17 14:52:55
CloverDuck,[P] Releasing RepAlignLoss (Custom Perceptual loss function used on my software),2,0,2,2,2025-04-17 00:39:08
munibkhanali,"[D] Contrastive Learning (SimCLR, MoCo) vs. Non-Contrastive Pretext Tasks (Rotation, Inpainting): When/Why Does One Approach Dominate?",13,0,13,1,2025-04-16 15:20:49
GeorgeBird1,"[R] Neuron Alignment Isn‚Äôt Fundamental ‚Äî It‚Äôs a Side-Effect of ReLU & Tanh Geometry, Says New Interpretability Method",111,0,111,54,2025-04-15 18:34:30
Giskard_AI,[R] RealHarm: A Collection of Real-World Language Model Application Failure,1,0,1,0,2025-04-16 19:38:06
igorsusmelj,[P] LightlyTrain: Open-source SSL pretraining for better vision models (beats ImageNet),54,0,54,20,2025-04-15 20:38:38
FallMindless3563,Deep Dive into [R]WKV-7 with Author Eugene Cheah,19,0,19,1,2025-04-16 02:53:29
GawrGurassssssS1mp,[P] Fine-tuning models for Chatbot,1,0,1,1,2025-04-16 16:23:13
Rahulanand1103,MODE: A Lightweight TraditionalRAG Alternative (Looking for arXiv Endorsement) [P],0,0,0,8,2025-04-16 13:21:31
PuzzleheadedYou4992,[P] Are Niche AI Tools Outperforming General Models for Specific Tasks?,1,0,1,0,2025-04-16 12:21:01
birdstopherbirlumbus,[P] I fine-tuned GPT-2 and GPT-J to mimic Mr. Darcy. Results were a mixture of promising and strange.,3,0,3,3,2025-04-16 04:23:14
dyngts,[D] Are you guys still developing inhouse NLP models?,22,0,22,23,2025-04-15 18:19:28
Impressive_Echo_8182,[D] AI models deprecate = hours re-testing prompts,1,0,1,0,2025-04-16 08:49:18
Shot-Chemical5131,[D]Mistake accesor model,0,0,0,2,2025-04-16 16:05:16
ScaredHomework8397,"[D] Experiment tracking for student researchers - WandB, Neptune, or Comet ML?",40,0,40,18,2025-04-15 12:17:55
Extreme-Crow-4867,[P] How and should I use Deepgaze pytorch? - Saliency Maps,1,0,1,1,2025-04-16 04:45:21
Peppermint-Patty_,[D] LoRA Vs Task Vectors,0,0,0,1,2025-04-16 03:38:56
maaKaBharosaa,[D] How to train this model with constrained resources?,5,0,5,7,2025-04-15 18:16:32
Mysterious_Lie_4867,[D] How do you evaluate your agents?,3,0,3,2,2025-04-15 19:20:54
jsonathan,[R] Scaling Laws of Synthetic Data for Language Models,0,0,0,1,2025-04-16 01:01:30
gerardgimenez,[D] Most LLMs fail at generating truly random binary sequences,1,0,1,0,2025-04-16 00:35:40
gerardgimenez,[D] Most LLMs fail at generating truly random binary sequences,1,0,1,0,2025-04-16 00:21:59
Ruzby17,[D] Is normalizing before train-test split a data leakage in time series forecasting?,1,0,1,1,2025-04-15 23:52:14
milaworld,[R] The AI Scientist-v2: Workshop-Level Automated Scientific Discovery via Agentic Tree Search,22,0,22,0,2025-04-15 06:39:19
light_architect,[D] What happened to KANs? (Kolmogorov-Arnold Networks),107,0,107,36,2025-04-14 20:37:55
bregav,How I Warped Your Noise: a Temporally-Correlated Noise Prior for Diffusion Models [R],37,0,37,2,2025-04-15 01:54:56
Megneous,[D] [P] List of LLM architectures. I am collecting arxiv papers on LLM architectures- looking for any I'm missing.,29,0,29,21,2025-04-15 02:44:33
Bojack-Cowboy,[D] Adress & names matching technique recommendations,2,0,2,2,2025-04-15 17:19:49
PlayfulMenu1395,"[D] Building a marketplace for 100K+ hours of high-quality, ethically sourced video data‚Äîlooking for feedback from AI researchers",7,0,7,5,2025-04-15 08:14:06
Chemical-Library4425,[D] Advice on building Random Forest/XGBoost model,12,0,12,15,2025-04-15 02:56:36
Wonderful_Seat4754,"[D] Creating my own AI model from scratch, is it worth it?",0,0,0,26,2025-04-16 02:35:07
Ambitious_Anybody855,[D] Distillation is underrated. I replicated GPT-4o's capability in a 14x cheaper model,115,0,115,29,2025-04-14 12:12:18
Affectionate_Use9936,[D] Is fractional differencing helpful for ML outside of economics?,3,0,3,0,2025-04-15 04:40:49
Queasy_Version4524,[D] Creating AI Avatars from Scratch,0,0,0,1,2025-04-15 13:26:54
limmick,[D] Outlier analysis in machine learning,4,0,4,3,2025-04-14 21:50:01
Fit-Marketing5979,[D] ICML 2025: A Shift Toward Correctness Over SOTA?,126,0,126,27,2025-04-14 01:08:33
No_Chair9618,[D] Latest TTS for voice cloning,2,0,2,3,2025-04-14 20:47:50
I_am_a_robot_,[D] Unable to replicate reported results when training MMPose models from scratch,5,0,5,0,2025-04-14 10:54:28
Cod_277killsshipment,[D] Just open-sourced a financial LLM trained on 10 years of Indian market data ‚Äî outputs SQL you can run on DuckDB,13,0,13,3,2025-04-14 05:15:18
deniushss,Do You Still Use Human Data to Pre-Train Your Models? [D],0,0,0,10,2025-04-15 02:44:56
visionkhawar512,[R] Responsible Data Augmentation with Diffusion Models at ICLRw 2025,2,0,2,0,2025-04-14 14:55:04
pmv143,[D] What if we paused and resumed LLMs like OS processes?,0,0,0,7,2025-04-15 00:31:47
notrealDirect,[P] TikTok BrainRot Generator Update,41,0,41,6,2025-04-13 18:51:13
LinguaLearnAI,[P] Rust binary and library crate for semantic code retrieval,1,0,1,1,2025-04-14 13:21:54
SuperstarRockYou,[D]Kaggle competition is it worthwhile for PhD student ?,15,0,15,25,2025-04-13 21:55:13
tushowergoyal,[Project] anyone needs compute for their passion AI projects?,0,0,0,4,2025-04-14 10:06:05
tomaz-suller,[D] How do you manage experiments with ML models at work?,17,0,17,17,2025-04-13 18:48:09
munibkhanali,[D] The ML Paradox: When Better Metrics Lead to Worse Outcomes ‚Äì Have You Faced This?,29,0,29,22,2025-04-13 17:29:45
Admirable_Suit_55,[D] Rethinking DoD SBIRs for the Modern AI Era: An Insider's Perspective,3,0,3,1,2025-04-13 23:57:09
predict_addict,"[R] New Book: ""Mastering Modern Time Series Forecasting"" ‚Äì A Hands-On Guide to Statistical, ML, and Deep Learning Models in Python",3,0,3,9,2025-04-13 22:41:14
ConsiderationAble468,[R] GitHub: RBFleX-NAS (Training-Free Neural Architecture Search),1,0,1,0,2025-04-14 02:02:48
